id;name;counter;created;updated
1;yowza;28039;2023-11-13T13:32:41;2023-11-13T20:13:39
2;limply woefully delay;14664;2023-11-13T14:16:58;2023-11-13T00:27:07
3;abnormally;27376;2023-11-12T23:45:16;2023-11-13T19:19:26
4;ouch;1833;2023-11-13T09:08:35;2023-11-13T04:34:33
5;wave gossip;3554;2023-11-13T17:59:50;2023-11-13T17:00:58
6;pfft yet withdrawal;15883;2023-11-13T02:44:34;2023-11-13T09:41:21
7;boo instead woot;13076;2023-11-13T01:08:51;2023-11-13T09:24:53
8;though;23216;2023-11-13T09:19:41;2023-11-13T19:22:13
9;feminine hew;26160;2023-11-13T18:23:32;2023-11-13T02:09:35
10;fishnet old-fashioned although;19634;2023-11-12T23:28:54;2023-11-13T00:16:25
